Snow Partridge,317
Tibetan Snowcock,715
Altai Snowcock,244
Himalayan Snowcock,536
Pheasant Grouse,356
Sichuan Pheasant Partridge,366
Chukar,375
Rusty-necklaced Partridge,223
Chinese Francolin,261
Grey Partridge,432
Daurian Partridge,782
Tibetan Partridge,424
Common Quail,790
Japanese Quail,465
Blue-breasted Quail,420
Hill Partridge,509
Rufous-throated Partridge,571
White-cheeked Partridge,400
White-throated Hill Partridge,697
Red-breasted Hill Partridge,686
Brown-breasted Hill Partridge,410
Sichuan Partridge,343
White-necklaced Partridge,329
Hainan Partridge,205
Scaly-breasted Partridge,623
Mountain Bamboo-Partridge,309
Chinese Bamboo-Partridge,569
Blood Pheasant,715
Western Tragopan,209
Satyr Tragopan,529
Grey-bellied Tragopan,702
Temminck's Tragopan,358
Yellow-bellied Tragopan,637
Yellow-necked koklass pheasa,416
Himalayan Monal Pheasant,617
Sclater's Monal Pheasant,230
Chinese Monal Pheasant,381
Red Junglefowl,87
Kalij Pheasant,445
Silver Pheasant,395
Taiwan Blue Pheasant,682
Tibetan Eared-pheasant,752
White Eared-Pheasant,680
Brown Eared-Pheasant,575
Blue Eared Pheasant,590
White-necked Long-tailed Pheas,516
Mrs.Hume's Pheasant,262
Taiwan Long-tailed Pheasant,807
White-crowned Long-tailed Phea,224
Common Pheasant,433
Golden Pheasant,280
Lady Amherst's Pheasant,284
Hainan grey peacock-pheasant,373
Hainan Peacock Pheasant,642
Green Peafowl,422
Sickle-winged Grouse,369
Willow Ptarmigan,0
Rock Ptarmigan,433
Black Grouse,372
Western Capercaillie,628
Spotted Capercaillie,277
Hazel Grouse,345
Chinese Hazel Grouse,213
Tree Duck,983
White-headed Stiff-tailed Duck,390
White Swan,535
Whooper Swan,428
Whistling Swan,172
Swan Goose,1322
Bean Goose,461
White-fronted Goose,476
Lesser White-fronted Goose,439
Greylag Goose,457
Bar-headed Goose,472
Snow Goose,425
Canada Goose,153
Brent Goose,442
Red-breasted Goose,437
Ruddy Shelduck,471
Crested Shelduck,431
Common Shelduck,452
Comb Duck,1269
Cotton Teal,33
Mandarin Duck,466
Gadwall,465
Falcated Duck,476
Wigeon,472
American Wigeon,486
Mallard,446
Spot-billed Duck,474
Philippine Duck,401
Shoveller,969
Pintail,428
Garganey,473
Baikal Teal,448
Common Teal,129
Marbled Teal,327
Red-crested Pochard,469
Common Pochard,468
Canvasback,442
White-eyed Pochard,1143
Baer's Pochard,678
Tufted Duck,464
Greater Scaup,480
Steller's Eider,683
Harlequin Duck,445
Long-tailed Duck,460
Black Scoter,463
White-winged Scoter,464
Common Goldeneye,464
Smew,1034
Red-breasted Merganser,937
Scaly-sided Merganser,282
Common Merganser,1176
Small Buttonquail,988
Yellow-legged Buttonquail,623
Barred Buttonquail,459
Yellow-rumped Honeyguide,414
Eurasian Wryneck,369
Speckled Piculet,0
White-browed Piculet,0
Grey-capped Woodpecker,398
Pygmy Woodpecker,401
Lesser Spotted Woodpecker,423
Fulvous-breasted Woodpecker,314
Stripe-breasted Woodpecker,412
Rufous-bellied Woodpecker,0
Crimson-breasted Woodpecker,0
Darjeeling Woodpecker,389
White-backed Woodpecker,374
Great Spotted Woodpecker,425
White-winged Woodpecker,441
Three-toed Woodpecker,406
Rufous Woodpecker,381
White-bellied Woodpecker,389
Black Woodpecker,412
Lesser Yellownape,288
Greater Yellownape,280
Laced Woodpecker,327
Streak-throated Woodpecker,409
Scaly-bellied Woodpecker,363
Red-collared Woodpecker,411
Grey-headed Woodpecker,440
Himalayan Flameback,387
Common Flameback,290
Greater Flameback,327
Pale-headed Woodpecker,411
Bay Woodpecker,251
Great Slaty Woodpecker,52
Greater Barbet,0
Lineated Barbet,0
Green-eared Barbet,0
Golden-throated Barbet,0
Black-browed Barbet,0
Blue-throated Barbet,0
Blue-eared Barbet,0
Coppersmith Barbet,0
Oriental Pied Hornbill,0
Great Pied Hornbill,0
White-throated Brown hornbill,0
Rufous-necked Hornbill,0
Wreathed Hornbill,0
Eurasian Hoopoe,0
Orange-breasted Trogon,0
Red-headed Trogon,0
Harpactes wardi,0
European Roller,0
Indian Roller,0
Dollarbird,0
Blyth's Kingfisher,0
Common Kingfisher,0
Blue-eared Kingfisher,0
Three-toed Kingfisher,0
Stork-billed Kingfisher,0
Ruddy Kingfisher,0
White-throated Kingfisher,0
Black-capped Kingfisher,0
Collared Kingfisher,0
Crested Kingfisher,0
Pied Kingfisher,0
Blue-bearded Bee-eater,0
Little Green Bee-eater,0
Blue-throated Bee-eater,0
Blue-tailed Bee-eater,0
European Bee-eater,0
Chestnut-headed Bee-eater,0
Pied Cuckoo,0
Chestnut-winged Cuckoo,0
Large Hawk-Cuckoo,0
Common Hawk Cuckoo,0
Hodgson's Hawk-Cuckoo,0
Indian Cuckoo,0
Eurasian Cuckoo,0
Oriental Cuckoo,0
Lesser Cuckoo,0
Cuckoo Banded Bay,0
Plaintive Cuckoo,0
Asian Emerald Cuckoo,0
Violet Cuckoo,0
Drongo Cuckoo,0
Asian Koel,0
Green-billed Malkoha,0
Greater Coucal,0
Lesser Coucal,0
Rainbow Lorikeet,0
Yellow-crested Cockatoo,0
Vernal Hanging-Parrot,0
Rose-ringed Parakeet,0
Slaty-headed Parakeet,0
Blossom-headed Parakeet,0
Derby's Parakeet,0
Red-breasted Parakeet,0
Long-tailed Parakeet,0
Himalayan Swiftlet,0
Germain's Swiftlet,0
White-throated Needletail,0
Silver-backed Needletail,0
Asian Palm swift,0
Alpine Swift,0
Common Swift,0
Fork-tailed Swift,0
HouseSwift,0
Crested Treeswift,0
Barn Owl,0
Grass Owl,0
Oriental Bay Owl,0
Sptoted Scops Owl,0
Striated Scops Owl,0
Scops Owl,0
Oriental Scops Owl,0
Elegant Scops Owl,0
Collared Scops Owl,0
Eurasian Eagle Owl,0
Spot-bellied Eagle Owl,0
Dusky Horned owl,0
Blakiston's Fish Owl,0
Brown Fish Owl,0
Tawny Fish Owl,0
Snowy Owl,0
Brown Wood Owl,0
Tawny Wood Owl,0
Ural Owl,0
Sichuan Wood-owl,0
Great Grey Owl,0
Northern Hawk Owl,0
Pigmy Owlet,0
Collared Owlet,0
Barred Owlet,0
Little Owl,0
Spotted Owlet,0
Tengalm's Owl,0
Brown Hawk Owl,0
Long-eared Owl,0
Short-eared Owl,0
Hodgson's Frogmouth,0
Great Eared Nightjar,0
Grey Nightjar,203
Eurasian Nightjar,321
Egyptian Nightjar,165
Vaurie's Nightjar,279
Large-tailed Nightjar,218
Savannah Nightjar,176
Rock Pigeon,323
Hill Pigeon,161
Snow Pigeon,178
Stock Pigeon,279
Yellow-eyed Pigeon,301
Common Wood Pigeon,328
Speckled Wood Pigeon,207
Ashy Wood Pigeon,335
Purple Wood Pigeon,199
Japanese Wood Pigeon日本,70
Turtle Dove,362
Oriental Turtle Dove,337
Palm Dove,200
Spotted Dove,328
Red Collared Dove,314
Eurasian Collared Dove,487
Bar-tailed Cuckoo Dove,407
Brown Cuckoo Dove,425
Little Cuckoo Dove,351
Emerald Dove,303
Orange-breasted Green-Pig,17
Pompadour Green Pigeon,388
Thick-billed Green Pigeon,309
Yellow-footed Green-Pigeo,354
Pin-tailed Green Pigeon,408
Wedge-tailed Green Pigeon,392
White-bellied Green-Pigeo,381
Whistling Green Pigeon,347
Black-chinned Fruit Pigeon,396
Green Imperial Pigeon,365
Mountain Imperial Pigeon,281
Little Bustard,370
Great Bustard,247
McQueen's Bustard,334
Siberian Crane,307
Sarus Crane,453
White-naped Crane,0
Sandhill Crane,459
Demoiselle Crane,476
Common Crane,464
Hooded Crane,271
Black-necked Crane,301
Red-crowned Crane,445
Swinhoe's Yellow Rail,237
Red-legged Crake,271
Slaty-legged Crake,370
Slaty-breasted Rail,288
Water Rail,175
Corn Crake,427
Brown Crake,309
White-breasted Waterhen,442
Rufous-backed Crake,421
Little Crake,216
Baillon's Crake,302
Spotted Crake,226
Ruddy-breasted Crake,267
Band-bellied Crake,246
White-Browed Crake,280
Watercock,222
Purple Swamphen,331
Common Moorhen,315
Common Coot,296
Tibetan Sandgrouse,259
Pallas's Sandgrouse,206
Black-bellied Sandgrouse,224
Eurasian Woodcock,219
Solitary Snipe,247
Latham's Snipe,361
Wood Snipe,172
Pintail Snipe,404
Swinhoe's Snipe,342
Common Snipe,319
Jack Snipe,267
Black-tailed Godwit,184
Bar-tailed Godwit,267
Little Curlew,406
Whimbrel,484
Eurasian Curlew,334
Far Eastern Curlew,304
Spotted Redshank,491
Common Redshank,476
Marsh Sandpiper,493
Common Greenshank,479
Spotted Greenshank,472
Lesser Yellowlegs,494
Green Sandpiper,338
Wood Sandpiper,488
Terek Sandpiper,337
Common Sandpiper,493
Grey-tailed Tattler,451
Wandering Tattler,468
Ruddy Turnstone,0
Long-billed Dowitcher,0
Asian Dowitcher,410
Great Knot,416
Red Knot,388
Sanderling,305
Western Sandpiper,342
Spoon-billed Sandpiper,307
Little Stint,337
Rufous-necked Stint,309
Temminck's Stint,335
Long-toed Stint,438
White-Rumped Sandpiper,490
Baird's Sandpiper,485
Pectoral Sandpiper,490
Sharp-tailed Sandpiper,319
Rock Sandpiper,318
Dunlin,336
Curlew Sandpiper,332
Stilt Sandpiper,334
Buff-Breasted Sandpiper,317
Broad-billed Sandpiper,308
Ruff,34
Red-necked Phalarope,135
Red Phalarope,0
Greater Painted-snipe,158
Pheasant-tailed Jacana,231
Bronze-winged Jacana,0
Eurasian Thick-knee,371
Great Thick-knee,303
Eurasian Oystercatcher,228
Ibisbill,280
Black-winged Stilt,471
Pied Avocet,310
Pacific Golden Plover,485
Grey Plover,488
Common Ringed Plover,294
Long-billed Plover,285
Little Ringed Plover,316
Kentish Plover,473
Malaysian Plover,307
Mongolian Plover,461
Greater Sand Plover,468
Caspian Plover,462
Oriental Plover,388
Eurasian Dotterel,307
Northern Lapwing,426
Spur-ainged Lapuiing,343
Grey-headed Lapwing,305
Red-wattled Lapwing,340
Collared Pratincole,329
Oriental Pratincole,375
Small Pratincole,303
Great Skua,670
Great Skua,670
Pomarine Jaeger,0
Parasitic Jaeger,444
Long-tailed Jaeger,444
Indian Skimmer,292
Black-tailed Gull,460
Mew Gull,476
Glaucous-winged Gull,343
Glaucous Gull,348
Slaty-backed Gull,479
Herring Gull,483
Heuglin's Gull,475
Vega Gull,165
Yellow-legged Gull,342
Pallas's Gull,327
Brown-headed Gull,317
Common Black-headed Gull,294
Slender-billed Gull,308
Saunders's Gull,236
Relict Gull,273
Little Gull,459
Ross's Gull,0
Sabine's Gull,288
Black-legged Kittiwake,318
Gull-billed Tern,337
Caspian Tern,349
River Tern,251
Lesser Crested Tern,302
Great Crested-Tern,333
Chinese Lesser Crested Tern,288
Roseate Ter,332
Black-naped Tern,200
Common Tern,479
Little Tern,307
Black-bellied Tern,238
Aleutian Tern,282
Bridled Tern,421
Sooty Tern,290
Whiskered Tern,494
White-winged Tern,335
Black Tern,243
Noddy Tern,226
White Tern,281
Marbled Murrelet,256
Short-billed Guillemot,316
Japanese Murrelet,204
Rhinoceros Auklet,199
Osprey,241
Jerdon's Baza,366
Black Baza,147
Oriental Honey-buzzard,278
Black-winged Kite,303
Black Kite,232
Black-eared Kite,211
Brahminy Kite,234
White-bellied Sea Eagle,278
Pallas's Sea-Eagle,0
White-tailed Sea Eagle,215
Steller's Sea-eagle,239
Lesser Fish-Eagle,323
Lammergeier,275
White-rumped Vulture,236
Himalayan Griffon,340
Eurasian Griffon,288
Cinereous Vulture,225
Red-headed Vulture,0
Short-toed Snake-Eagle,411
Crested Serpent-Eagle,0
Western Marsh-Harrier,356
Eastern Marsh-Harrier,331
Northern Harrier,453
Pallid Harrier,303
Pied Harrier,365
Montagu's Harrier,311
Crested Goshawk,371
Shikra,440
Chinese Sparrowhawk,408
Japanese Sparrowhawk,270
Besra,207
Eurasian Sparrowhawk,427
Northern Goshawk,449
White-eyed Buzzard,297
Rufous-winged Buzzard,265
Grey-faced Buzzard Eagle,236
Common Buzzard,272
Long-legged Buzzard,390
Upland Buzzard,186
Rough-legged Buzzard,300
Black Eagle,105
Greater Spotted Eagle,224
Steppe Eagle,238
Imperial Eagle,231
Golden Eagle,180
Bonelli's Hawk Eagle,279
Booted Eagle,241
Rufous-bellied Hawk Eagle,260
Mountain Hawk-Eagle,276
Collared Falconet,267
Pied Falconet,209
Lesser Kestrel,446
Common Kestrel,293
Red-footed Falcon,0
Amur Falcon,0
Merlin,0
Eurasian Hobby,0
Oriental Hobby,0
Saker Falcon,0
Gyrfalcon,0
Peregrine Falcon,0
Barbary Falcon,0
Little Grebe,0
Red-necked Grebe,0
Great Crested Grebe,0
Horned Grebe,0
Black-necked Grebe,0
Short-Tailed Tropicbird,0
Red-tailed Tropicbird,0
White-tailed Tropicbird,0
Masked Booby,0
Red-footed Booby,0
Brown Booby,0
Darter,0
Pygmy cormorant,0
Great Cormorant,0
Temminck's Cormorant,0
Red-faced Cormorant,0
Sea Cormorant,0
Little Egret,0
Chinese Egret,0
Reef Heron,0
Pied Heron,0
Grey Heron,0
White-Bellied Heron,0
Purple Heron,0
Large Egret,0
Intermediate Egret,0
Cattle Egret,0
Chinese Pond-Heron,0
Striated Heron,336
Black-crowned Night-Heron,352
White-eared Night Heron,435
Japanese Night Heron,287
Tiger Bittern,275
Little Bittern,304
Yellow Bittern,305
Von Schrenck's Bittern,272
Cinnamon Bittern,379
Black Bittern,381
Great Bittern,230
Greater Flamingo,300
Glossy Ibis,332
White Ibis,340
White-shouldered Ibis,232
Crested Ibis,268
White Spoonbill,325
Black-faced Spoonbill,410
Great White Pelican,456
Dalmatian Pelican,460
Spot-billed philippensis,432
Painted Stork,449
Black Stork,426
White Stork,327
Oriental White Stork,303
Lesser Adjutant,378
Great Frigatebird,433
Lesser Frigatebird,342
Christmas Island Frigatebird,336
Red-throated Loon,450
Black-throated Loon,430
Pacific Loon,317
Common Loon,471
Yellow-billed Loon,417
Northern Fulmar,463
Tahiti Petrel,246
Bonin Petrel,217
Bulwer's Petrel,242
Streaked Shearwater,282
Wedge-tailed Shearwater,260
Flesh-Footed Shearwater,276
Sooty Shearwater,298
Short-tailed Shearwater,262
Short-tailed Albatross,288
Black-footed Albatross,286
Laysan Albatross,283
Wilson's Storm-Petrel,301
Leach's Storm-Petrel,211
Swinhoe's Storm-Petrel,0
Matsudaira's Storm-Petrel,228
Eared Pitta,203
Blue-naped Pitta,275
Blue-rumped Pitta,296
Rusty-naped Pitta,267
Blue Pitta,285
Hooded Pitta,371
Fairy Pitta,270
Blue-winged Pitta,403
Silver-breasted Broadbill,323
Long-tailed Broadbill,245
Asian Fairy-bluebird,311
Blue-winged Leafbird,211
Golden-fronted Leafbird,0
Orange-bellied Leafbird,245
Tiger Shrike,295
Bull-headed Shrike,271
Red-backed Shrike,0
Rufous-tailed Shrike,0
Brown Shrike,0
Burmese Shrike,0
Long-tailed Shrike,0
Grey-backed Shrike,0
Lesser Grey Shrike,0
Northern Shrike,0
Chinese Grey Shrike,0
Eurasian Jay,256
Siberian Jay,0
Sichuan Jay,0
Taiwan Blue Magpie,0
Yellow-billed Blue Magpie,0
Red-billed Blue Magpie,0
White-winged Magpie,238
Green Magpie,212
Short-tailed Magpie,202
Azure-winged Magpie,312
Rufous Treepie,435
Grey Treepie,416
Collared Treepie,429
Racket-tailed Treepie,321
Ratchet-tailed Treepie,213
Black-billed Magpie,450
Mongolian Ground-Jay,391
Xinjiang Ground-Jay,244
Tibetan Ground-Jay,163
Spotted Nutcracker,451
Red-billed Chough,366
Yellow-billed Chough,308
Jackdaw,397
Daurian Jackdaw,430
House Crow,435
Rook,107
Carrion Crow,321
Large-billed Crow,406
Jungle Crow,318
Collared Crow,0
Common Raven,454
Ashy Woodswallow,306
Eurasian Golden-Oriole,414
Black-naped Oriole,377
Slender-billed Oriole,260
Black-hooded Oriole,404
Maroon Oriole,324
Silver Oriole,236
Lmge Cuckooshrike,437
Black-winged Cuckooshrike,433
Rosy Minivet,295
Swinhoe's Minivet,288
Ashy Minivet,443
Grey-throated Winivet,391
Long-tailed Minivet,424
Short-billed Minivet,437
Scarlet Minivet,362
Brown-backed pied shrike,438
Yellow-bellied Fantail,380
White-throated Fantail,346
White-browed Fantail,368
Black Drongo,437
Ashy Drongo,412
Crow-biled Drongo,424
Bronzed Drongo,389
Lesser Racquet-tailed Drongo,0
Spangled Drongo,429
Greater Racket-tailed Drongo,364
Black-naped Monarch,0
Japanese Paradise-Flycatcher,0
Asian Paradise-Flycatcher,0
Common Iora,0
Great Iora,291
Large Woodshrike,257
Bohemian Waxwing,318
Japanese Waxwing,391
White-throated Dipper,304
Brown Dipper,252
Rufous-tailed Rock-Thrush,328
Blue-capped Rock-Thrush,301
White-throated Rock Thrush,319
Chestnut-bellied RockThrush,349
Blue Rock-Thrush,483
Blue Whistling-Thrush,428
TaiwanWhistling Thrush,439
Orange-headed Thrush,458
Siberian Thrush,440
Plain-backed Thrush,447
Long-tailed Thrush,452
Scaly Thrush,386
Grey-backed Thrush,447
Black-breasted Thrush,411
apanese Thrush,438
White-collared Blackbird,458
Grey-winged Blackbird,404
Eurasian Blackbird,342
Island Thrush,440
Grey-headcd Thrush,447
Kessler's Thrush,266
Grey-sided Thrush,452
Eyebrowed Thrush,376
Mistle Thrush,466
Pale Thrush,463
Brown-headed Thrush,311
Dark-throated Thrush,473
Dusky Thrush,383
Fieldfare,430
Redwing,4
Song Thrush,338
Chinese Thrush,295
Gould's Shortwing,440
Rusty-bellied Shortwing,268
Lesser Shortwing,306
White-browed Shortwing,261
White-gorgetted Jungle Flycatc,285
Spotted Flycatcher,344
Grey-streaked Flycatcher,300
Sooty Flycatcher,478
Asian Brown Flycatcher,463
Brown-breasted Flycatcher,0
Ferruginous Flycatcher,311
Yellow-rumped Flycatcher,318
Narcissus Flycatcher,315
Mugimaki Flycatcher,352
Slaty-backed Flycatcher,459
Rufous-gorgeted Flycatche,340
Red-breasted Flycatcher,481
White-gorgeted Flycatcher,364
Snowy-browed Flycatcher,384
Little Pied Flycatcher,445
Ultramarine Flycatcher,361
Slaty-blueFlycatcher,285
Sapphire Flycatcher,307
Blue-and-white Flycatcher,438
Verditer Flycatcher,328
Large Niltava,359
Small Niltava,356
Fujian Niltava,294
Rufous-bellied Niltava,303
Vivid Niltava,295
White-tailed Flycatcher,301
Hainan Blue-Flycatcher,352
Pale-chinned Flycatcher,463
Pale Blue Fltcatcher,396
Blue-throated Flycatcher,453
Hill Blue-Flycatcher,397
Pygmy Blue-Flycatcher,469
Grey-headed Canary-Flycat,319
European Robin,481
Japanese Robin,275
Ryukyu Robin,278
Common Nightingale,777
Common Nightingale,777
Siberian Rubythroat,461
White-tailed Rubythroat,292
Bluethroat,0
Rufous-headed Robin,443
Blackthroated,452
Firethroat,197
Indian Blue Robin,282
Siberian Blue Robin,448
Orange-flanked Bush-Robin,352
Golden Bush-Robin,337
White-browed Bush-Robin,0
Rufous-breasted Bush Robi,265
Collared Bush-Robin,446
Oriental Magpie-Robin,490
White-rumped Shama,322
Ala Shan Redstart,401
Rufous-backed Redstart,454
Blue-capped Redstart,457
Black Redstart,485
Common Redstart,333
Hodgson's Redstart,310
White-throated Redstart,242
Daurian Redstart,323
White-winged Redstart,313
Blue-fronted Redstart,323
White-capped Water-Redstart,310
Plumbeous Water-Redstart,224
White-bellied Redstart,74
White-tailed Robin,6
Blue-fronted Robin,0
Grandala,163
Little Forktail,0
Black-backed Forktail,0
Slaty-backed Forktail,203
White-crowned Forktail,265
Spotted Forktail,285
Purple Cochoa,328
Green Cochoa,626
Green Cochoa,626
White-throated Bushchat,441
Common Stonechat,468
Pied Bushchat,415
Jerdon's Bushchat,426
Grey Bushchat,405
Northern Wheatear,482
Variable Wheatear,365
Pied Wheatear,461
Desert Wheatear,341
Isabelline Wheatear,487
Chestnut-tailed Starling,0
Brahminy Starling,405
Silky stanling,9
Purple-backed Starling,318
Chestnut-cheeked Starling,416
White-shouldered Starling,147
Rosy Starling,448
Common Starling,488
White-cheeked Starling,413
Asian Pied Starling,354
Black-collared Starling,356
Vinous-breasted Starling,446
Common Myna,431
Bank Myna,357
White-vented Myna,351
Collared Myna,446
Crested Myna,411
Golden-crested Myna,416
Hill Myna,411
Eurasion Nuthatch,427
Chestnut-vented Nuthatch,428
Chestnut-bellied Nuthatch,286
White-tailed Nuthatch,413
Snowy-browed Nuthatch,432
Yunnan Nuthatch,405
White-cheeked Nuthatch,292
Velvet-fronted Nuthatch,324
Yellow-billed Nuthatch,299
Giant Nuthatch,331
Beautiful Nuthatch,288
Wallcreeper,279
Eurasian Tree-Creeper,143
Bar-tailed Tree-Creeper,328
Rusty-flanked Treecreeper,329
Brown-throated Treecreeper,0
Wren,329
White-erowned penduline Tit,411
Chinese Penduline Tit,283
Fire-capped Tit,376
Marsh Tit,465
Willow Tit,0
White-browed Tit,294
Rusty-breasted Tit,311
Siberian Tit,428
Rufous-naped Tit,447
Rufous-vented Tit,418
Coal Tit,483
Yellow-bellied Tit,685
Grey-crested Tit,413
Great Tit,462
Turkestan Tit,319
Green-backed Tit,292
Yellow-cheeked Tit,288
Yellow Tit,325
Azure Tit,307
Yellow-breasted Tit,436
Varied Tit,291
Yellow-browed Tit,305
Sultan Tit,281
Long-tailed Tit,321
Black-throated Tit,262
Rufous-fronted Tit,0
Black-browed Tit,0
Sooty Tit,0
White-eyed River Martin,0
Sand Martin,0
Plain Martin,141
Eurasian Crag-Martin,286
Dusky Crag-Martin,365
Barn Swallow,459
Pacific Swallow,0
Red-rumped Swallow,466
Striated Swallow,410
Northern House-Martin,366
Asian House-Martin,238
Nepal House-Martin,79
Goldcrest,252
Flamecrest,138
Crested Finchbill,270
Collared Finchbill,417
Striated Bulbul,444
Black-headed Bulbul,334
Black-crested Bulbul,379
Red-whiskered Bulbul,458
Brown-breasted Bulbul,469
Light-vented Bulbul,398
Tavaau Bulbul,10
Himalayan Bulbul,452
Red-vented Bulbul,466
Sooty-headed Bulbul,360
Stripe-throated Bulbul,214
Flavescent Bulbul,312
Yellow-bcllied Bulbul,318
White claroated Bulbul,286
Grey-eyed Bulbul,334
Brown-eared Bulbul,271
Ashy Bulbul,310
Chestnut Bulbul,410
Mountain Bulbul,376
Madagascar Bulbul,397
Zitting Cisticola,333
Gololeu-tuaded Fautail Walolcr,24
White-browed Chinese Warb,175
Striated Prinia,447
Brown Prinia,241
Hill Prinia,383
Rufescent Prinia,433
Grey-breasted Prinia,395
Yellow-bellied Prinia,278
Plain Prinia,245
Chestnut-flanked White-ey,181
Oriental White-eye,279
Japanese White-eye,257
Chestnut-headed Tesia,228
Slaty-bellied Tesia,0
Grey-bellied Tesia,180
Asian Stubtail,201
Pale-footed Bush-Warbler,0
Manchurian Bush Warbler,200
Japanese Bush-Warbler,109
Brownish-flanked Bush-War,50
Chestnut-crowned Bush-War,105
Aberrant Bush-Warbler,270
Yellowish-bellied Bush Warbler,443
Grey-sided Bush-Warbler,445
Cetti's Warbler,428
Spotted Bush-Warbler,458
Long-billed Bush-Warbler,0
Chinese BushWarbler,395
Brown Bush-Warbler,379
Russet Bush-Warbler,279
Lanceolated Warbler,386
Grasshopper Warbler,324
Rusty-rumped Warbler,0
Middendorff's Warbler,395
Pleske's Warbler,263
Savi's Warbler,313
Gray's Warbler,336
Stuak-bachel Suamp Wabler,66
Sedge Warbler,327
Streaked Reed-Warbler,286
Black-browed Reed Warbler,299
Paddyfield Warbler,290
Manchurian Reed Warbler,290
Blunt-winged Warbler,271
Eurasian Reed-Warbler,309
Blyth's Reed Warbler,321
Great Reed-Warbler,341
Oriental Reed Warbler,292
Clamorous Reed-Warbler,456
Thick-billed Warbler,375
Booted Warbler,416
Sykes's Warbler,287
Olivaceous Warbler,433
Mountain Tailorbird,0
Common Tailorbird,239
Dark-necked Tailorbird,266
White-browed Tit-Warbler,215
Crested Tit Warbler,289
Common Chiffchaff,327
Mountain Chiffchaff,292
Wood Warbler,311
Dusky Warbler,224
Smoky Warbler,271
Tickell's Leaf Warbler,274
Buff-throated Warbler,452
Sulphur-bellied Warbler,434
Yellow-streaked Warbler,323
Radde's Warbler,403
Orange-barred Warbler,310
Ashy-throated Warbler,442
Yellow-rumped Warbler,496
Lemon-rumped Warbler,420
Gansu Leaf Warbler,245
Sichuan Leaf-Warbler,396
Yellow-browed Warbler,334
Hume's Warbler,228
Arctic Warbler,329
Greenish Warbler,282
Two-barredWarbler,284
Pale-legged Warbler,0
Large-billed Warbler,304
Eastern Crowned Warbler,307
Emei Leaf Warbler,237
Blyth's Leaf-Warbler,287
White-tailed Leaf-Warbler,0
Hainan Leaf Warbler,223
Yellow-vented Warbler,166
Sulphur-breasted Warbler,233
Golden-spectacled Warbler,260
Grey-hooded Warbler,412
White-spectacled Warbler,454
Grey-cheeked Warbler,447
Chestnut-crowned Warbler,447
Broad-billed Warbler,459
Rufous-faced Warbler,300
Black-faced Warbler,324
Yellow-bellied Warbler,353
Striated Grassbird,0
Rufous-rumped Grassbird,0
Masked Laughingthrush,0
White-throated Laughingth,0
White-crested Laughingthr,0
Lesser Necklaced Laughingthrus,313
Greater Necklaced Laughingthru,357
Striated Laughingthrush,225
White-necked Laughingthrush,191
Grey Laughingthrush,181
Rufous-necked Laughingthrush,439
Black-throated Laughingthrush,344
Yellow-throated Laughingthrush,456
Rufous-vented Laughingthrush,416
Plain Laughingthrush,425
Sukatschev's Laughing thrush,390
Moustached Laughingthrush,447
Rufous-chinned Laughingthrush,440
Barred Laughingthrush,455
White-speckled Laughingthrush,446
Giant Laughingthrush,430
Spotted Laughingthrush,424
Grey-sided Laughingthrush,431
Rusty Laughingthrush,465
Spot-breasted Laughingthrush,447
Hwamei,320
White-browed Laughingthrush,416
Streaked Laughingthrush,178
Blue-winged Laughingthrush,0
Scaly Laughingthrush,0
Elliot's Laughingthrush,401
Variegated Laughingthrush,415
Brown-cheeked Laughingthrush,438
Black-faced Laughingthrush,448
White-whiskered Laughingthrush,343
Chestnut-crowned Laughingthrus,303
Red-winged Laughingthrush,458
Red-tailed Laughingthrush,0
Red-faced Liocichla,0
Omei Shan Liocichla,0
Steere's Liocichla,0
Buff-breasted Babbler,0
Spot-throated Babbler,421
Puff-throated Babbler,422
Large Scimitar-Babbler,439
Spot-breated Scimitar Babbler,444
Rusty-cheeked Scimitar-Ba,195
White-browed Scimitar Babbler,398
Streak-breasted Scimitar Babbler,439
Red-billed Scimitar-Babbl,456
Coral-billed Scimitar-Bab,149
Slender-billed Scimitar-B,365
Long-billed Wren-babbler,418
Limestone Wren-Babbler,410
Streaked Wren-Babbler,435
Eyebrowed Wren-Babbler,444
Scaly-breasted Wren-Babbl,421
Pygmy Wren-Babbler,464
Rufous-throated Wren Babbler,436
Rusty-throated Wren Babbler,431
Bar-winged Wren-Babbler,431
Spotted Wren Babbler,422
Long-tailed Wren-Babbler,443
Wedge-billed Wren Babbler,411
Bufous-fronted Babbler,431
Rufous-capped Babbler,386
Golden Babbler,439
Grey-throated Babbler,384
Spot-necked Babbler,422
Striped Tit-Babbler,389
Chestnut-capped Babbler,402
Yellow-eyed Babbler,425
Rufous-tailed Babbler,427
Chinese Babax,396
Giant Babax,395
Tibetan Babax,348
Silver-eared Mesia,370
Red-billed Leiothrix,445
Cutia,125
Black-headed Shrike-Babbl,441
White-browed Shrike-Babbl,450
Green Shrike-Babbler,428
Chestwect-Turoated Shrike Babbler,430
Chestnut-fronted Shrike-B,367
White-hooded Shrike Babbler,417
Rusty-fronted Barwing,396
Spectacled Barwing,415
Hoary-throated Barwing,426
Streak-throated Barwing,422
Streaked Barwing,411
Formosan Barwing,362
Blue-winged Minla,390
Chestnut-tailed Minla,358
Red-tailed Minla,408
Golden-breasted Fulvetta,456
Gold-fronted Fulvetta,443
Yellow-throated Fulvetta,388
Rufous-winged Fulvetta,438
White-browed Fulvetta,423
Chinese Fulvetta,419
Spectacled Fulvetta,440
Streak-throated Fulvetta,443
Ludlow's Fulvetta,398
Rufous-throated Fulvetta,411
Dusky Fulvetta,0
Rusty-capped Fulvetta,436
Brown-cheeked Fulvetta,326
Grey-cheeked Fulvetta,333
Nepal Fulvetta,446
Rufous-backed Sibia,441
Beautiful Sibia,718
Grey Sibia,425
Rufous Sibia,437
White-eared Sibia,330
Beautiful Sibia,718
Long-tailed Sibia,416
Striated Yuhina,418
White-naped Yuhina,430
Whiskered Yuhina,420
Stripe-throated Yuhina,425
White-collared Yuhina,252
Rufous-vented Yuhina,409
Taiwan Yuhina,230
Black-chinned Yuhina,456
White-bellied Yuhina,427
Fire-tailed Myzornis,315
Bearded Parrotbill,434
Great Parrotbill,410
Three-toed Parrotbill,374
Brown Parrotbill,436
Grey-headed Parrotbill,393
Black-breasted Parrotbill,437
Spot-breasted Parrotbill,356
Spectacled Parrotbill,380
Vinous-throated Parrotbill,377
Brown-winged Parrotbill,428
Ashy-throated Parrotbill,252
Grey-hooded Parrotbill,409
Rusty-throated Parrotbill,252
Fulvous Parrotbill,371
Black-throated Parrotbill,434
Golden Parrotbill,423
Short-tailed Parrotbill,373
Lesser Rufous-headed Parrotbil,216
Rufous-headed Parrotbill,402
Reed Parrotbill,343
Srenter Whitethroat,87
Lesser Whitethroat,318
Small Whitethroat,391
Desert Warbler,291
Barred Warbler,178
Singing Bushlark,379
Bimaculated Lark,404
Tibetan Lark,388
Mongolian Lark,400
White-winged Lark,446
Black Lark,232
Red-capped Lark,419
Hume's Short-toed Lark,432
Asian Short-toed Lark,0
Crested Lark,483
Eurasian Skylark,450
Japanese Skylark,173
Oriental Skylark,437
Horned Lark,475
Thick-billed Flowerpecker,393
Yellow-vented Flowerpecker,394
Yellow-bellied Flowerpecker,409
Plain Flowerpecker,404
Fire-breasted Flowerpecker,343
Scarlet-backed Flowerpecker,380
Ruby-cheeked Sunbird,331
Purple-naped Sunbird,415
Olive-backed Sunbird,421
Purple Sunbird,428
Mrs Gould's Sunbird,268
Green-thriated Sunbird,418
Fork-tailed Sunbird,305
Black-throated Sunbird,334
Crimson Sunbird,404
Fire-tailed Sunbird,295
Little Spiderhunter,320
Streaked Spiderhunter,261
Saxaul Sparrow,367
House Sparrow,469
Spanish Sparrow,479
Russet Sparrow,374
Eurasian Tree Sparrow,462
Rock Sparrow,473
White-winged Snowfinch,388
Tibetan Snowfinch,391
White-rumped Snowfinch,428
Small Snowfinch,404
Rufous-necked Snowfinch,438
Plain-backed Snowfinch,398
Forest Wagtail,325
White Wagtail,471
Black-backed Wagtail,471
Japanese Wagtail,365
Citrine Wagtail,470
Yellow Wagtail,482
Grey Wagtail,469
Richard's Pipit,462
Paddyfield Pipit,420
Tawny Pipit,447
Blyth's Pipit,427
Tree Pipit,483
Orienfnl Tree Pipit,157
Pechora Pipit,354
Meadow Pipit,470
Red-throated Pipit,469
Rosy Pipit,397
Water Pipit,476
Buff-bellied Pipit,457
Upland Pipit,450
Cllared Accentor,397
Rufous-streaked Accentor,431
Robin Accentor,423
Rufous-breasted Accentor,437
Siberian Accentor,401
Brown Accentor,413
Black-throated Accentor,438
Mongolian Accentor,365
Maroon-backed Accentor,443
Ploceus bengalensis,269
Streaked Weaver,298
Baya Weaver,293
Red Avadavat,392
White-rumped Munia,380
Scaly-breasted Munia,463
Black-headed Munia,387
Java Sparrow,432
Chaffinch,449
Brambling,465
Fire-fronted Serin,329
Grey-capped Greenfinch,407
Yellow-breasted Greenfinch,420
Black-headed Greenfinch,439
Eurasian Siskin,442
Tibetan Serin,370
European Goldfinch,459
Hoary Redpoll,453
Common Redpoll,478
Twite,7
Eurasian Linnet,423
Plain Mountain-Finch,386
Brandt's Mountain Finch,416
Sillem's Mountain Finch,253
Asian Rosy-Finch,428
Spectacled Finch,438
Crimson-winged Finch,354
Mongolian Finch,412
Desert Finch,334
Long-tailed Rosefinch,386
Crimson Rosefinch,450
Dark-breasted Rosefinch,420
Common Rosefinch,466
Beautiful Rosefinch,393
Pink-rumped Rosefinch,440
Pink-browed Rosefinch,377
Vinaceous Rosefinch,0
Dark-rumped Rosefinch,446
Pale Rosefinch,433
Pallas's Rosefinch,399
Three-banded Rosefinch,0
Spot-winged Rosefinch,292
White-browed Rosefinch,286
Red-mantled Rosefinch,433
Streaked Rosefinch,460
Great Rosefinch,339
Red-fronted Rosefinch,424
Tibetan Rosefinch,464
Pine Grosbeak,480
Crimson-browed Finch,451
Scarlet Finch,359
Red Crossbill,459
White-winged Crossbill,435
Brown Bullfinch,377
Red-headed Bullfinch,441
Grey-headed Bullfinch,439
Eurasian Bullfinch,170
Hawfinch,464
Yellow-billed Grosbeak,472
Japanese Grosbeak,389
Collared Grosbeak,405
Spot-winged Grosbeak,458
White-winged Grosbeak,462
Gold-naped Finch,452
Rosc Bunting,5
Crested Bunting,292
Slaty Bunting,441
Yellowhammer,340
Pine Bunting,393
Tibetan Bunting,184
Rock Bunting,462
Godlewski's Bunting,449
Meadow Bunting,406
Rufous-backed Bunting,413
Grey-necked Bunting,402
Ortolan Bunting,463
Tristram's Bunting,436
Chestnut-eared Bunting,400
Little Bunting,304
Yellow-browed Bunting,287
Rustic Bunting,344
Yellow-throated Bunting,292
Yellow-breasted Bunting,288
Chestnut Bunting,285
Red-headed Bunting,625
Red-headed Bunting,625
Yellow Bunting,23
Black-faced Bunting,292
Grey Bunting,40
Pallas's Bunting,433
Reed Bunting,344
Ochre-rumped Bunting,247
Corn Bunting,339
Lapland Longspur,352
Snow Bunting,328
